<?xml version="1.0" encoding="UTF-8"?>
<!DOCTYPE mapper PUBLIC "-//mybatis.org//DTD Mapper 3.0//EN" "http://mybatis.org/dtd/mybatis-3-mapper.dtd">
<mapper namespace="liveStreaming.mapper.VideoRecordMapper">

    <!-- 마이페이지 View -->
    <select id="videoRecord" resultType="liveStreaming.dto.VideoRecordDto">
        select * from ssf_schema.video_upload where u_id=#{u_id} and v_state = 1;
    </select>

    <!-- 게시물 삭제 -->
    <update id="videoDelete" parameterType="liveStreaming.dto.VideoRecordDto">
        update ssf_schema.video_upload 
            set v_state = 0 
          where u_id = #{u_id} and v_code = #{v_code};
    </update>

    <!-- 게시물 올리기 -->
    

	<insert id="videoUpload" parameterType="liveStreaming.dto.VideoRecordDto">
		insert 
		  into ssf_schema.video_upload 
		       (v_code, v_name, v_img, c_code, v_length, u_id, v_link)
        values
               (#{v_code},#{v_name},#{v_img},#{c_code},#{v_length},#{u_id},#{v_link}) 
	</insert>

    <select id="videoViews" resultType="liveStreaming.dto.VideoRecordDto">
        select v_name, v_views from ssf_schema.video_upload 
                where u_id = #{u_id}
                order by v_views DESC 
                LIMIT 10;
    </select>

    <select id="thisVideo" resultType="liveStreaming.dto.VideoRecordDto">
        select * from ssf_schema.video_upload 
            where v_code = #{v_code};
    </select>

</mapper>